Ivan Tepole,Insurgentes 945,94000,Revolución,Xalapa,Veracruz,+5212282213034
Ivan Tepole,Insurgentes 945,94000,Revolución,Xalapa,Veracruz,+5212282213034
Juan Pérez,Av. Reforma 120,06600,Centro,SOMESTATE,CDMX,+5212282213034
María López,Calle Hidalgo 345,44100,Americana,Guadalajara,Jalisco,+5212282213034
María López,Calle Hidalgo 345,44100,Americana,Guadalajara,Jalisco,+5212282213034
María López,Calle Francisco de Ayza 1454-1502,Progreso,44730,Guadalajara,Jalisco,+5212282213034
Ivan Tepole,Insurgentes 945,94000,Revolución,Xalapa,Veracruz,+5212282213034
Fulano de tal,calle x número 10,91060,col ensueño,Xalapa,Veracruz,+5212282145396
Ivan Tepole,Insurgentes 945,94000,Revolución,Xalapa,Veracruz,+5212282213034
Anotnio Cruz,C. Francisco I. Madero 233,7600,centro,Santiago de Querétaro,Querétaro,+5212282213034
